Country Name,"Time","CO2 emissions (kg per 2010 US$ of GDP)","GDP (current US$)","GDP growth (annual %)","GDP deflator (base year varies by country)","GDP per capita (constant 2010 US$)"
World,"1960","0.840407621758056","1352934141105.46","","","3679.71628618822"
World,"1961","0.808689385329658","1408319818797.99","4.29498612450072","","3786.52703575937"
World,"1962","0.797824715439222","1507694495382.42","5.54985283245257","","3929.05065649321"
World,"1963","0.800002157396209","1628586595985.8","5.20224436743051","","4049.48041729313"
World,"1964","0.793126092814463","1786711138819.67","6.64412836224406","","4231.87072806767"
World,"1965","0.78470623128301","1946931144711.62","5.57273035401795","","4378.10755547241"
World,"1966","0.778678450122947","2110121189314.61","5.77338056322365","","4535.67107303589"
World,"1967","0.769907604246637","2253163975410.39","4.38778153609343","","4639.82168214264"
World,"1968","0.762327006434473","2429368208925.09","6.15738481089411","","4827.69383432028"
World,"1969","0.761607109311645","2672081457955.09","6.09757082776139","","5016.50291032551"
World,"1970","0.782479959649799","2936449087706.58","4.37336009686975","","5129.20453386358"
World,"1971","0.778999100654369","3242218447301.69","4.25401740169124","","5237.5437444114"
World,"1972","0.766028716154046","3748868269020.92","5.68378043575683","","5424.60815839202"
World,"1973","0.759284861102872","4561619140191.17","6.46518302991035","","5663.51733081534"
World,"1974","0.749690618618476","5244823351364.49","1.98819575401028","","5665.56075336192"
World,"1975","0.738599011247449","5838390603244.98","0.908826714815689","","5611.93198947432"
World,"1976","0.742565169271001","6338946480842.65","5.26595046508267","","5803.57536649767"
World,"1977","0.736341705063007","7164570104373.51","3.9965880569418","","5931.57381910994"
World,"1978","0.715527490440489","8438146734961.64","4.09868302160528","","6068.34253535514"
World,"1979","0.725625197731964","9816406822304.42","4.10848712938297","","6208.25886294633"
World,"1980","0.704193080067775","11072407163504","1.9661331883669","","6221.6533865213"
World,"1981","0.669530734706927","11339225370709.1","1.94235591894144","","6233.03089154152"
World,"1982","0.660424239753823","11217845291200.8","0.510435369463067","","6154.65182423121"
World,"1983","0.641739114450617","11592060409004.6","2.52741689776725","","6200.20210526225"
World,"1984","0.635879750016704","12016824283025.2","4.56035013201515","","6372.19935215565"
World,"1985","0.630442868717529","12643745145459.9","3.91163198921352","","6507.84808684499"
World,"1986","0.629332482432621","14968095100146.2","3.24613871209922","","6602.05746502454"
World,"1987","0.622856743198424","17030806318698.2","3.60948987203456","","6720.25125286735"
World,"1988","0.617330628368798","19065435656265.8","4.61353349310976","","6907.79417207848"
World,"1989","0.607955631291776","20010757441145.9","3.76507837033124","","7045.14756286804"
World,"1990","0.593461685857961","22516517358561.9","2.94925717001757","","7129.45913200945"
World,"1991","0.592636636193016","23851738070186","1.36918558809096","","7110.21150938911"
World,"1992","0.57646603249728","25342928951843.2","1.78685086546126","","7126.33747569142"
World,"1993","0.566533380696281","25785801382574.7","1.65408580017572","","7133.93265226753"
World,"1994","0.559216353405174","27750101352800.9","3.02528347565378","","7240.74642332068"
World,"1995","0.555016685983419","30847798398716.6","2.95798778485295","","7344.26719260016"
World,"1996","0.549552179122307","31528704718721.2","3.33073763623888","","7480.39565218639"
World,"1997","0.537674886274148","31412174125167.5","3.75150029689921","","7651.37502196796"
World,"1998","0.523614229334501","31315776695463.6","2.43272623696895","","7729.40379043535"
World,"1999","0.505902283787461","32487897854651","3.31204633916624","","7877.90946042395"
World,"2000","0.497267740200069","33547584771076.1","4.34223884742906","","8111.7402648009"
World,"2001","0.499155007198708","33342786907089.5","1.97658033856003","","8165.06895991347"
World,"2002","0.492711400449435","34617433714414.1","2.1905135005281","","8238.68222777609"
World,"2003","0.507826728652573","38875972061510.5","2.90416346631007","","8372.21601066938"
World,"2004","0.510352139427478","43779148933011.9","4.47569383382709","","8638.47725004465"
World,"2005","0.509985670782605","47391754233579.3","3.82374471796751","","8858.35123809058"
World,"2006","0.505765024704347","51310592618957.8","4.37785073946668","","9132.92317035141"
World,"2007","0.495383375766256","57756336378116.2","4.32022745351451","","9411.72890955386"
World,"2008","0.500741277740567","63345095627850.4","1.84382561528564","","9468.29823238611"
World,"2009","0.503748989865401","60043973367100.2","-1.70053149299683","","9194.83517072935"
World,"2010","0.510352752546842","65853158964855","4.37184163095282","","9482.15018785577"
World,"2011","0.515114502355588","73172666460086.8","3.09847290532655","","9659.8390726749"
World,"2012","0.51143945717406","74681803940142.8","2.4452335295624","","9780.8235439875"
World,"2013","0.504491192231114","76776112373375.8","2.47795533482093","","9902.17289428614"
World,"2014","","78630126296541","2.68959885107955","","10049.8985377606"
World,"2015","","74152476351765.6","2.62947969127758","","10193.6273141707"
China,"1960","6.10237341557875","59716467625.3148","","16.9722309637639","191.791175754979"
China,"1961","5.93305058350219","50056868957.6732","-27.27","19.5611740118473","140.913496189767"
China,"1962","5.01221036824609","47209359005.6056","-5.58000000000007","19.538685526147","131.963368611071"
China,"1963","4.50635897265273","50706799902.5103","10.3","19.0264572647409","142.021952366466"
China,"1964","3.81511684600031","59708343488.5043","18.18","18.9575741664563","163.991321680478"
China,"1965","3.55373400043089","70436266146.7219","16.9500000000001","19.1224635080067","187.274627514997"
China,"1966","3.52759011767482","76720285969.6157","10.6500000000005","18.8237570837169","201.523237634431"
China,"1967","3.10230599536091","72881631326.6715","-5.77000000000038","18.9768878340753","185.075923469059"
China,"1968","3.50146822536464","70846535055.6503","-4.10000000000002","19.2356520770442","172.913748684176"
China,"1969","3.68582422058362","79705906247.4612","16.9399999999999","18.5061344474337","196.740122622732"
China,"1970","4.12992310165931","92602973434.0726","19.3000000000001","18.0222785242144","228.317697879346"
China,"1971","4.38258650645676","99800958648.1436","7.05999999999993","18.1422956174144","237.813833236172"
China,"1972","4.48633421473206","113687586299.051","3.81000000000033","18.1557545912506","240.881883698117"
China,"1973","4.32847261398206","138544284708.957","7.75999999999981","18.1936029887082","253.714367458263"
China,"1974","4.31579812814734","144182133387.722","2.31000000000017","18.2441331145503","254.267479150881"
China,"1975","4.60282228163475","163431551779.761","8.71999999999974","18.0377600133564","271.599470600254"
China,"1976","4.88272661093715","153940455341.506","-1.57000000000012","18.018588358337","263.230616406202"
China,"1977","4.97214778586635","174938098826.569","7.57000000000032","18.2156705924069","279.32454070159"
China,"1978","4.96871056378186","149540650406.504","11.666644","18.4642941934284","307.766188030319"
China,"1979","4.72100508365108","178282608695.652","7.59999999999982","19.1277058184126","326.768362107046"
China,"1980","4.29808819092637","191150000000","7.80669144981405","19.850246020608","347.88740549052"
China,"1981","4.0430009497625","195865079365.079","5.1724137931036","20.3065461203829","361.224702814885"
China,"1982","4.04063848733059","205091603053.435","8.93442622950826","20.2937604174521","387.745572498909"
China,"1983","3.84580015476757","230685823754.789","10.8352144469526","20.5162038777743","423.593489581074"
China,"1984","3.63642883911339","259946428571.429","15.1391717583161","21.5404304289951","481.364585319512"
China,"1985","3.47333709303967","309486394557.823","13.4433962264151","23.7367995965913","538.690815583127"
China,"1986","3.35435460620901","300759420289.855","8.93970893970915","24.8476542142973","578.184027826572"
China,"1987","3.20759723727392","272973094170.404","11.6889312977097","26.1030723082933","635.494589246398"
China,"1988","3.09216244328368","312353909465.021","11.2345151644597","29.2604212532504","695.599039324942"
China,"1989","3.01682716970799","347767206477.733","4.18586789554536","31.7836756999981","713.689512111866"
China,"1990","2.96631736429698","360858508604.206","3.907113896056","33.6032978747549","730.77247319583"
China,"1991","2.8506081405943","383372822299.652","9.29407591344453","35.8492319009428","787.867418069003"
China,"1992","2.60341848597161","426915227629.513","14.2161635832522","38.7882468027476","888.91098484031"
China,"1993","2.44130709683256","444730903968.185","13.8675760159136","44.6849282696083","1000.61178805224"
China,"1994","2.29413939806796","564325246266.838","13.0521587222361","53.8903967138835","1118.49955322371"
China,"1995","2.24491111822481","734548001963.907","10.9492273730688","61.2574505682408","1227.55638029197"
China,"1996","2.12999036560277","863746361646.34","9.92837246319071","65.2398201110143","1335.36265115067"
China,"1997","1.95360666036183","961603416246.472","9.23076923076962","66.2981049589173","1443.77471054146"
China,"1998","1.73582018172995","1029043011921.59","7.83761391880707","65.7063663324883","1542.06409652235"
China,"1999","1.60915469070595","1093997559885.48","7.66748617086685","64.8729631921005","1645.98795998062"
China,"2000","1.52215347605367","1211346395438.73","8.49150849150841","66.2102506480514","1771.74146736987"
China,"2001","1.43897216634267","1339395440432.04","8.33991054985512","67.5630146177037","1905.61073878059"
China,"2002","1.39671741007774","1470549716080.71","9.13064594463297","67.9716702657669","2065.71853445481"
China,"2003","1.55483938282651","1660287543796.06","10.0356030262573","69.7426286330521","2258.91205641921"
China,"2004","1.65015011694365","1955347477285.91","10.1112234580385","74.5927924323712","2472.58650206857"
China,"2005","1.62192021607138","2285965854313.36","11.3957759412305","77.5038604097125","2738.2054005664"
China,"2006","1.59408320557259","2752132089196.58","12.7194790206907","80.5481535382043","3069.30471438429"
China,"2007","1.47757798787187","3552182714426.55","14.2313880356884","86.8349516766331","3487.84568996575"
China,"2008","1.42364394800948","4598205419718.8","9.65428937259922","93.6318524276177","3805.02591614039"
China,"2009","1.3816656838273","5109954035775.98","9.39981317141532","93.5065025580468","4142.03819614617"
China,"2010","1.43721083456304","6100620356557.32","10.6361404632297","100","4560.5124871009"
China,"2011","1.45525364295138","7572554360442.62","9.53644300805558","108.15216101866","4971.54482081216"
China,"2012","1.39034316885868","8560546868811.69","7.8562621102694","110.739670905893","5336.06002747016"
China,"2013","1.31969953085156","9607224248684.59","7.75763514617032","113.203891030163","5721.69369479588"
China,"2014","","10482371325324.7","7.29766595938162","114.141636471031","6108.23864247317"
China,"2015","","11007720594138.9","6.91433010805844","113.645168255939","6497.48230504326"
United States,"1960","0.939125843563763","543300000000","","17.6506645166952","17036.8851695882"
United States,"1961","0.914775304073855","563300000000","2.29999999999977","17.8889756514117","17142.1937673897"
United States,"1962","0.894119945624759","605100000000","6.09999999999999","18.1116280519907","17910.2787901684"
United States,"1963","0.894287910965189","638600000000","4.40000000000002","18.3087524781396","18431.1584040472"
United States,"1964","0.882323693185445","685800000000","5.80000000000014","18.5841050713904","19231.1718590604"
United States,"1965","0.863615476634681","743700000000","6.39999999999984","18.9408875173403","20207.7495376936"
United States,"1966","0.851788925578014","815000000000","6.50000000000024","19.4899418989714","21274.1354890107"
United States,"1967","0.862237349388946","861700000000","2.50000000000003","20.1041244163923","21569.8356088859"
United States,"1968","0.852943325207486","942500000000","4.79999999999974","20.9821093737678","22380.6067673191"
United States,"1969","0.8690562909034","1019900000000","3.10000000000004","22.0225048435433","22850.010833783"
United States,"1970","0.905688355961952","1075884000000","3.20680725745444","22.5095196935085","23309.6209459064"
United States,"1971","0.882437817394732","1167770000000","3.29547672836176","23.652485717107","23775.2769229658"
United States,"1972","0.878372951905143","1282449000000","5.26326277619982","24.6764539341787","24760.1453772345"
United States,"1973","0.868835458265086","1428549000000","5.64312484755203","26.0193564120376","25908.9128017215"
United States,"1974","0.8419149794748","1548825000000","-0.51715456222523","28.3566916084469","25540.5010030208"
United States,"1975","0.808331569429603","1688923000000","-0.197678536519447","30.9829250661444","25239.919905729"
United States,"1976","0.803012316782479","1877587000000","5.38609005075547","32.6835591793911","26347.809281996"
United States,"1977","0.789133091241069","2085951000000","4.60859740653179","34.7109098767246","27286.2515144911"
United States,"1978","0.770976116068747","2356571000000","5.5616849289446","37.1480576518143","28500.2404573534"
United States,"1979","0.748916590587246","2632143000000","3.17569075012061","40.2149633190279","29082.5937779654"
United States,"1980","0.723400811456393","2862505000000","-0.244596225208085","43.8417639996291","28734.3992597646"
United States,"1981","0.677129505376235","3210956000000","2.59447038823151","47.9349376168536","29191.9994879416"
United States,"1982","0.655460511553525","3344991000000","-1.91089106804856","50.9086964010104","28362.4946163409"
United States,"1983","0.631550741525715","3638137000000","4.63245718120484","52.9187585762209","29406.2574686046"
United States,"1984","0.606887493976898","4040693000000","7.25908695936059","54.7964417251526","31268.9756446518"
United States,"1985","0.584468081707103","4346734000000","4.23873752083914","56.549715462106","32306.8330567744"
United States,"1986","0.565005577107862","4590155000000","3.5116144990922","57.6906760683439","33133.6954441913"
United States,"1987","0.56953529047553","4870217000000","3.46174769185008","59.1625356825529","33975.6547953064"
United States,"1988","0.570357743282185","5252629000000","4.20397197941296","61.2337590254932","35083.9690428182"
United States,"1989","0.557144445593316","5657693000000","3.68052403304715","63.6145395404228","36033.3302026992"
United States,"1990","0.532142205418612","5979589000000","1.91937029742549","65.9677410442016","36312.4141825874"
United States,"1991","0.532407181083408","6174043000000","-0.0740845307123976","68.1634859327105","35803.8684213439"
United States,"1992","0.523586522331865","6539299000000","3.55539614766758","69.7173070724167","36566.1737698527"
United States,"1993","0.522235197040606","6878718000000","2.74585671892275","71.3760641062171","37078.04968394"
United States,"1994","0.508504669655239","7308755000000","4.03764342486481","72.8950415903618","38104.9724675631"
United States,"1995","0.498883137619696","7664060000000","2.71897578878193","74.415396448145","38677.7150883663"
United States,"1996","0.492115487915454","8100201000000","3.79588122942587","75.7738892712665","39681.5198579033"
United States,"1997","0.48123686809639","8608515000000","4.48702649316731","77.070762148309","40965.8466450522"
United States,"1998","0.463793182324861","9089168000000","4.44991096328404","77.9071773725046","42292.8912011426"
United States,"1999","0.451183866860601","9660624000000","4.68519960839866","79.0994079578494","43768.8849928326"
United States,"2000","0.448501784959191","10284779000000","4.09217644881066","80.8993306516876","45055.817918284"
United States,"2001","0.436343832589074","10621824000000","0.975981833932124","82.7429462155075","45047.4871976844"
United States,"2002","0.432308634295484","10977514000000","1.78612768745552","84.0131535313568","45428.6456781274"
United States,"2003","0.422776083918266","11510670000000","2.80677595648093","85.688423081224","46304.0360895612"
United States,"2004","0.413396598821568","12274928000000","3.78574284969444","88.0446157815163","47614.2798621765"
United States,"2005","0.402215716332336","13093726000000","3.34521606334877","90.8775730158382","48755.6160606735"
United States,"2006","0.385597260594519","13855888000000","2.666625826122","93.6695743612358","49575.401013591"
United States,"2007","0.384906760180017","14477635000000","1.77857023965289","96.1624368334201","49979.5338429195"
United States,"2008","0.374544047074731","14718582000000","-0.291621458693953","98.0487711024286","49364.6445500336"
United States,"2009","0.361369358453275","14418739000000","-2.77552957416808","98.7933875563355","47575.608562749"
United States,"2010","0.361449782456624","14964372000000","2.53192061616315","100","48374.0867933094"
United States,"2011","0.348939296876906","15517926000000","1.60145467247139","102.064627466579","48774.7830879542"
United States,"2012","0.329156659312057","16155255000000","2.22403085385714","103.944710450544","49481.1586539983"
United States,"2013","0.328179201044343","16691517000000","1.67733152992453","105.623424892253","49941.4891093737"
United States,"2014","","17393103000000","2.37045767146387","107.514455645678","50727.7512104525"
United States,"2015","","18036648000000","2.59614804050973","108.671225774323","51638.065206636"
Japan,"1960","0.292360419568776","44307342950.4","","22.8220091007978","8607.65463077733"
Japan,"1961","0.317359518136098","53508617739.3778","12.0435364080116","24.598866283716","9396.21853835111"
Japan,"1962","0.301796942672967","60723018683.7333","8.90897299558078","25.6319147545461","10138.3941269082"
Japan,"1963","0.308586357769121","69498131797.3333","8.47364238279388","27.0443534863621","10886.1610106025"
Japan,"1964","0.305290170661978","81749006381.5111","11.6767081963974","28.4854675417626","12031.2916217092"
Japan,"1965","0.310661825081783","90950278257.7778","5.81970787298265","29.9487253562452","12595.3857825753"
Japan,"1966","0.30460988583718","105628070343.111","10.6385615591633","31.4374373049145","13808.6940097889"
Japan,"1967","0.32004237604051","123781880217.6","11.0821423246932","33.1650471147443","15196.605855106"
Japan,"1968","0.325583734599334","146601072685.511","12.8824681383227","34.7963904064943","17097.2704255594"
Japan,"1969","0.33649016955568","172204199480.889","12.4778945144981","36.3390531280581","18837.171895897"
Japan,"1970","0.39966959384415","209070551156.667","-1.01991284033174","44.5733115430383","18435.4498254459"
Japan,"1971","0.395991910438635","236154755295.247","4.69899204218041","46.8426957039499","19054.8362966912"
Japan,"1972","0.390829720546565","312738030290.016","8.41354725522649","49.4679578693913","20370.6679642471"
Japan,"1973","0.3882130623676","424891148590.163","8.03259997465322","55.7530578889746","21825.5375043795"
Japan,"1974","0.39308211569768","471643172433.473","-1.22523982749118","67.3552973485648","21150.4902135533"
Japan,"1975","0.362226435690528","512861437158.573","3.09157591617475","72.1896839771198","21458.0437091451"
Japan,"1976","0.363925983685398","576405865272.759","3.9749840910343","77.9705519243166","22146.5896713258"
Japan,"1977","0.358712161605125","709404712455.402","4.39033795021662","83.2328676140539","22897.1786235232"
Japan,"1978","0.329333956538768","996741758196.688","5.27194150297719","87.0647076569097","23887.173159964"
Japan,"1979","0.330081612424929","1037452649454.69","5.48404183243517","89.4604071689255","24985.7840589417"
Japan,"1980","0.318332081087671","1086988088501.05","2.81759120757481","94.3252497045459","25489.1589527659"
Japan,"1981","0.299775780279753","1201465862932","4.1768439560538","97.3403364014327","26358.3403798991"
Japan,"1982","0.280811260350571","1116840773461.75","3.37660829649904","98.8563092609894","27064.0938789268"
Japan,"1983","0.267519142380436","1218106450431.71","3.06073803566109","99.7601357355905","27703.0110077503"
Japan,"1984","0.272397995798305","1294608503864.69","4.46389901589204","101.499466597055","28756.6296384384"
Japan,"1985","0.249433931771672","1384532251034.44","6.33335688873267","102.519780818526","30391.5162787702"
Japan,"1986","0.242550164152457","2051061226984.6","2.8310766408499","104.341289887382","31062.0843995812"
Japan,"1987","0.230537107486588","2485236197212.34","4.10742706379963","104.230184149093","32179.281233597"
Japan,"1988","0.234959682806016","3015393553892.77","7.14669370731855","104.576602314765","34332.2483924018"
Japan,"1989","0.231206702182501","3017052046398.2","5.37015251894822","106.905090071858","36028.1428656588"
Japan,"1990","0.234085818658703","3103698099973.41","5.57239829948509","109.32605942618","37906.1529066061"
Japan,"1991","0.227216009912841","3536800942895.19","3.32434077482786","112.174806518433","39044.916148447"
Japan,"1992","0.230385670181352","3852794371594.29","0.819029858828173","113.956337562744","39267.1090593916"
Japan,"1993","0.227135309280474","4414962786901.36","0.171062719627542","114.454786971656","39237.3155174896"
Japan,"1994","0.238059858810151","4907039384469.68","0.86357824377636","115.925754689541","39441.5594967586"
Japan,"1995","0.233706947934848","5449116304981.1","2.74216382748833","115.307311129289","40368.6936114702"
Japan,"1996","0.230748942541197","4833712542207.1","3.09992994741242","114.734902404785","41514.8506715021"
Japan,"1997","0.22755198113173","4414732843544.43","1.07651170531472","115.312439243704","41861.8991156159"
Japan,"1998","0.221916068731667","4032509760872.94","-1.12875638335171","115.260814717057","41277.0657205406"
Japan,"1999","0.229910325511062","4562078822335.45","-0.25197630872043","113.751508222902","41097.9494907276"
Japan,"2000","0.228181724054403","4887519660744.86","2.77954254549506","112.177643596569","42169.6858656681"
Japan,"2001","0.224065107245374","4303544259842.72","0.406249444999546","110.938718097338","42239.101058765"
Japan,"2002","0.226901071069862","4115116279069.77","0.118100784081449","109.32079631946","42190.7666166121"
Japan,"2003","0.227524008381922","4445658071221.86","1.52824202289598","107.553076484233","42743.981736583"
Japan,"2004","0.226902336667987","4815148854362.11","2.20473032463914","106.369157012662","43671.6679196406"
Japan,"2005","0.218474545280756","4755410630912.14","1.66275276827852","105.265561236541","44393.6500966377"
Japan,"2006","0.214066890180958","4530377224970.4","1.41998439214007","104.335691441117","44995.508692692"
Japan,"2007","0.214128584713732","4515264514430.57","1.65428290477007","103.574482783681","45687.3327388699"
Japan,"2008","0.209218444640284","5037908465114.48","-1.09347900374911","102.558461565998","45165.8742985485"
Japan,"2009","0.201744600385307","5231382674593.7","-5.41711974237725","101.932311705256","42724.522743181"
Japan,"2010","0.205582693166819","5700096491337.99","4.19228908161651","100","44507.6637099867"
Japan,"2011","0.20919524365735","6157461124963.98","-0.115461941256385","98.3257141935252","44544.1741751047"
Japan,"2012","0.212779401130691","6203213121334.12","1.4950285427672","97.5769685110361","45300.7782336958"
Japan,"2013","0.210949208565341","5155717056270.83","2.00048957213372","97.2516530745783","46287.8870772546"
Japan,"2014","","4848733415523.53","0.335664786487811","98.9532269311164","46518.8142001485"
Japan,"2015","","4383076298081.86","1.21943813894599","100.967256103124","47150.3658744904"
United Kingdom,"1960","0.804028334172287","72328047042.1588","","5.49219592057973","13868.6146823228"
United Kingdom,"1961","0.790078296091853","76694360635.9159","2.57356996313516","5.67763203803869","14117.7639933015"
United Kingdom,"1962","0.785578647072309","80601939635.2483","1.32799317852373","5.8887058761224","14184.3575253651"
United Kingdom,"1963","0.769005988024027","85443766670.4279","3.95624116673754","6.00487798918497","14635.5862410318"
United Kingdom,"1964","0.737615161279438","93387598813.9269","5.03828244878241","6.24835073331754","15273.3288038001"
United Kingdom,"1965","0.734427641683179","100595782309.165","2.78897682833296","6.54801129388585","15598.7586283753"
United Kingdom,"1966","0.714991236855519","107090721447.057","2.04931117754346","6.83079755223124","15830.9083987932"
United Kingdom,"1967","0.669414227254738","111185383409.521","2.31096510055488","7.02805942149829","16109.7630068517"
United Kingdom,"1968","0.659463510466651","104702736248.084","3.98473799467666","7.32373764657151","16670.3510559051"
United Kingdom,"1969","0.669503668067947","112676874821.987","2.05244565108865","7.72300156970737","16941.909278944"
United Kingdom,"1970","0.656181039601964","130671946244.3","5.95766077352124","8.45348346678156","17879.8175987393"
United Kingdom,"1971","0.641691389537243","148113896325.14","3.47933518440833","9.13078603059729","18424.8012093068"
United Kingdom,"1972","0.603746582075786","169965034965.035","4.2944698112705","9.78968220280759","19151.0056066857"
United Kingdom,"1973","0.576905684539856","192537971582.558","6.51607451741813","10.614246682397","20359.5271446423"
United Kingdom,"1974","0.553508487671138","206131369798.971","-2.47267403625453","12.2111997918779","19843.5852487141"
United Kingdom,"1975","0.549167299498797","241756637168.142","-1.48834317708825","15.3604056456508","19549.6957925403"
United Kingdom,"1976","0.529395979916681","232614555256.065","2.92178044405891","17.6799327369315","20125.8461014422"
United Kingdom,"1977","0.521702345905993","263066457352.172","2.46321417351626","20.1028668693564","20628.3690193572"
United Kingdom,"1978","0.500976011473087","335883029721.956","4.19528494308832","22.4080923940861","21492.6358625225"
United Kingdom,"1979","0.514708669704698","438994070309.191","3.73549741750045","25.5634670575264","22275.496245622"
United Kingdom,"1980","0.471983196859047","564947710899.373","-2.04116444356428","30.6035003932693","21794.7526742651"
United Kingdom,"1981","0.460521135263416","540765675241.158","-0.778926178126","34.1410654474672","21617.4587558942"
United Kingdom,"1982","0.441521995853331","515048916841.37","2.01567197176722","36.6664437287753","22061.1017113171"
United Kingdom,"1983","0.421495110772395","489618008185.539","4.22057264654954","38.5452705552686","22984.3672140935"
United Kingdom,"1984","0.399731890373659","461487097632.349","2.27456699927278","40.4819539775863","23469.9885965526"
United Kingdom,"1985","0.405788072604653","489285164271.047","4.18730565515936","42.6968431870702","24397.3158699632"
United Kingdom,"1986","0.399652622534499","601452653180.885","3.15325207285927","44.5466459910543","25108.403709912"
United Kingdom,"1987","0.381384475233884","745162608269.325","5.3594846585044","46.9850529099906","26397.8932767565"
United Kingdom,"1988","0.359634349071443","910122732123.799","5.78739995952742","49.8408078289806","27863.7009700531"
United Kingdom,"1989","0.357497677802327","926884816753.927","2.58289506699101","53.7933302945794","28509.0820474467"
United Kingdom,"1990","0.339212143326246","1093169389204.55","0.71688296281873","58.0453120065692","28627.7536612551"
United Kingdom,"1991","0.349780508784652","1142797178130.51","-1.11898405289487","61.7812000717023","28220.0087901761"
United Kingdom,"1992","0.3420394171903","1179659529659.53","0.359872415497506","63.8591519178342","28245.0779437356"
United Kingdom,"1993","0.3273349693946","1061388722255.55","2.50701367525181","65.5934538879668","28883.8551095471"
United Kingdom,"1994","0.315686206743457","1140489745944.29","3.88507477540347","66.4825697924917","29929.7203789067"
United Kingdom,"1995","0.30311128612216","1320255641470.73","2.50637285243695","72.8162242554723","30598.8152221341"
United Kingdom,"1996","0.302893417088296","1392979719188.77","2.54873441364151","75.7807561904198","31298.9009473351"
United Kingdom,"1997","0.280876523401664","1537090700720.37","3.12717846202084","77.2647670353153","32194.6481790456"
United Kingdom,"1998","0.274546064875947","1623564094070.88","3.19077937166745","78.1816136984696","33125.2386283966"
United Kingdom,"1999","0.265334524545514","1652167933991.26","3.28334820437759","78.8541777706671","34098.9778262237"
United Kingdom,"2000","0.26098161103962","1635441065214.1","3.74496244304632","80.4480288954334","35249.7986213862"
United Kingdom,"2001","0.255967910992418","1613034403339.57","2.72610733754173","81.1904325184467","36071.6112870779"
United Kingdom,"2002","0.242089446316715","1757571942446.04","2.39724828405802","82.9745275832986","36780.3026671508"
United Kingdom,"2003","0.239008937553016","2028488163265.31","3.4662388982013","84.9680298416064","37878.4071073591"
United Kingdom,"2004","0.232785200531142","2389004027828.63","2.52787714022966","87.0369351953485","38615.5997330887"
United Kingdom,"2005","0.227466794174503","2508103636363.64","2.97209579798606","89.3559810714414","39491.2082382329"
United Kingdom,"2006","0.221453376630557","2678277828886.84","2.50300855954745","91.9886027402535","40183.2221101528"
United Kingdom,"2007","0.210737090970952","3063005202080.83","2.5558191117037","94.3327567061263","40890.5885594713"
United Kingdom,"2008","0.208714800198913","2875463235294.12","-0.627205201223418","96.9968776780031","40315.5720608148"
United Kingdom,"2009","0.197739416367212","2367127278392.27","-4.32773760856608","98.481346419914","38280.1743244877"
United Kingdom,"2010","0.203163873001878","2429602904820.77","1.9151618327202","100","38708.6762921633"
United Kingdom,"2011","0.181624710684415","2608995353308.76","1.50906178236485","102.011437547383","38986.8684399667"
United Kingdom,"2012","0.186980115520799","2646002634059.62","1.31301859842485","103.581535276894","39225.0846481199"
United Kingdom,"2013","0.179654717167214","2719509472492.7","1.91107841065484","105.554046928976","39707.956583944"
United Kingdom,"2014","","2998833559195.71","3.07048379406776","107.290972911428","40620.0166983552"
United Kingdom,"2015","","2858003087965.69","2.22150212833063","107.735957311038","41187.6838839368"
India,"1960","0.872239857433691","37679274491.2745","","2.62447855231604","307.439983561639"
India,"1961","0.90941993369526","39920452403.4524","3.72274253182259","2.68078484065146","312.607759760466"
India,"1962","0.972046460920342","42900864969.865","2.93112773676762","2.79888994642638","315.334175214255"
India,"1963","0.984933153633736","49271095508.0955","5.99435326233507","3.03269868480705","327.466885841402"
India,"1964","0.896178000457474","57470781032.781","7.45295012246791","3.29204528001094","344.68648684463"
India,"1965","1.0140687798001","60599264111.7178","-2.63577011179972","3.56529719987189","328.706154989892"
India,"1966","1.05004952226283","46669801600","-0.0553287701011413","4.03843732911798","321.750522216514"
India,"1967","0.97651931545667","51014155360","7.8259630327085","4.38639735639847","339.740778478067"
India,"1968","1.02730840511467","54016411986.6667","3.38792917448438","4.49234567799702","343.889992840171"
India,"1969","0.981689564341819","59472993626.6667","6.53970029794451","4.64254116142044","358.555997440032"
India,"1970","0.955173052232929","63517182000","5.15722973561972","4.71506895846188","368.812659807864"
India,"1971","0.991386043495118","68532117824.1238","1.64293038321543","4.96613888543788","366.494568431084"
India,"1972","1.05491439338344","72716439112.1","-0.553301312631021","5.50444861009044","356.172134926085"
India,"1973","1.05170313612834","87014945186.3156","3.29552113606178","6.48587614515928","359.446780758643"
India,"1974","1.07482244770048","101271278198.505","1.18533626048492","7.56691057189737","355.328176018246"
India,"1975","1.07050016730489","100199707352.024","9.14991201393707","7.44215631373048","378.946302061216"
India,"1976","1.10135343264569","104518508553.081","1.66310363724769","7.88733563578701","376.480527310046"
India,"1977","1.08628331923292","123617837582.482","7.25476458521194","8.33196283482846","394.658741913649"
India,"1978","1.0424766069749","139708121469.133","5.71253208944273","8.53695264298608","407.788280859611"
India,"1979","1.15370985840388","155674658263.583","-5.2381827026969","9.87964824325226","377.681042752542"
India,"1980","1.14324937714083","189592920294.446","6.73582152826147","11.0166298582583","393.94463375452"
India,"1981","1.16372376766998","196883842005.062","6.00620362267659","12.2094644874161","408.047784767969"
India,"1982","1.16047837859844","204235073533.23","3.47573324055963","13.1979260174342","412.550892275737"
India,"1983","1.1714511962918","222089924399.492","7.28889290194073","14.3267261004974","432.511013366169"
India,"1984","1.15649851611467","215878839023.118","3.8207378550585","15.4618659686953","438.883205611879"
India,"1985","1.20791493713369","236589423202.641","5.25429922436548","16.574159432596","451.65370971307"
India,"1986","1.23633342296147","253352444883.275","4.77656417042216","17.6994454879568","462.857224274512"
India,"1987","1.26950768180008","283926977522.458","3.96535563414577","19.350430878692","470.833020567632"
India,"1988","1.25066812078508","301790256315.321","9.62778291902082","20.9434580741982","505.214121923756"
India,"1989","1.29557238119654","301234030103.706","5.94734332871707","22.7104176033283","524.093082948666"
India,"1990","1.31276156306651","326608014285.316","5.53345456321573","25.1332339580666","541.743505053984"
India,"1991","1.38093179278792","274842161318.346","1.05683143227975","28.5895107867623","536.432062833752"
India,"1992","1.39050593911047","293262722482.422","5.48239602225368","31.1526039875871","554.638011666469"
India,"1993","1.37417064823313","284194018792.066","4.75077621944588","34.2248061461564","569.666533555823"
India,"1994","1.36142974724881","333014993709.73","6.6589240670105","37.6404571238164","595.914561757933"
India,"1995","1.34307134430733","366600193391.349","7.57449184104719","41.0516996671502","628.862634651533"
India,"1996","1.35767878144833","399787263892.645","7.54952224818398","44.1613734246611","663.620282403244"
India,"1997","1.35712913511123","423160799040.86","4.04982084912471","47.0213837612094","677.675042194729"
India,"1998","1.30390350982095","428740690379.961","6.18441582075693","50.7878753723995","706.42715107595"
India,"1999","1.27412705835142","466866720520.974","8.84575556124574","52.3462482651946","755.116982928281"
India,"2000","1.27146503485627","476609148165.173","3.84099115681246","54.2542533948942","770.347836875188"
India,"2001","1.22388426638793","493954161367.563","4.82396626420316","55.998861857183","793.642116711961"
India,"2002","1.19387558253025","523968381476.715","3.80397532123557","58.0796024822769","810.00227772274"
India,"2003","1.15447268315596","618356467437.027","7.86038147525927","60.3260042355488","859.341001752055"
India,"2004","1.12295521027845","721584805204.777","7.92293661312628","63.7799172615049","912.564969013705"
India,"2005","1.08829722917122","834214699568.14","9.28483150737219","66.482224596805","981.688932268881"
India,"2006","1.06214251924209","949116769619.554","9.26395889783758","70.7521053381203","1056.23747706902"
India,"2007","1.05588876342577","1201071960529.75","8.60820459986418","73.3489078014538","1130.04840940886"
India,"2008","1.13242667431607","1186913419021.34","3.89095706241433","79.7043451980818","1156.96840301736"
India,"2009","1.15723403265725","1323896417147.06","8.47978389691141","84.5374806386606","1237.38840184157"
India,"2010","1.03810833094355","1656562168648.57","10.259963064587","92.132175358011","1345.7213825728"
India,"2011","1.04541825559367","1822989507290.05","6.6383637999583","100","1416.11803348493"
India,"2012","1.08185264108236","1828985283085","5.61856277332065","107.851683150686","1476.57465354791"
India,"2013","1.02266826710057","1863208343557.81","6.6388127357182","114.567201971724","1555.02314886833"
India,"2014","","2042438591343.98","7.24347174583309","118.347481760468","1647.32807976761"
India,"2015","","2095398349095.54","7.56336717950757","119.610469876987","1750.62284230969"

